<?xml version="1.0" encoding="UTF-8"?><CodeSystem xmlns="http://hl7.org/fhir"><id value="relationship-system"/><text><status value="generated"/><div xmlns="http://www.w3.org/1999/xhtml"><p>This  code system <code>http://NCQA.org/fhir/example/CodeSystem/relationship-system</code> defines the following codes:</p><table class="codes"><tr><td style="white-space:nowrap"><b>Code</b></td><td><b>Display</b></td></tr><tr><td style="white-space:nowrap">before<a name="relationship-system-before"> </a></td><td>Before</td></tr><tr><td style="white-space:nowrap">before-start<a name="relationship-system-before-start"> </a></td><td>Before Start</td></tr><tr><td style="white-space:nowrap">before-end<a name="relationship-system-before-end"> </a></td><td>Before End</td></tr><tr><td style="white-space:nowrap">concurrent<a name="relationship-system-concurrent"> </a></td><td>Concurrent</td></tr><tr><td style="white-space:nowrap">concurrent-with-start<a name="relationship-system-concurrent-with-start"> </a></td><td>Concurrent With Start</td></tr><tr><td style="white-space:nowrap">concurrent-with-end<a name="relationship-system-concurrent-with-end"> </a></td><td>Concurrent With End</td></tr><tr><td style="white-space:nowrap">after<a name="relationship-system-after"> </a></td><td>After</td></tr><tr><td style="white-space:nowrap">after-start<a name="relationship-system-after-start"> </a></td><td>After Start</td></tr><tr><td style="white-space:nowrap">after-end<a name="relationship-system-after-end"> </a></td><td>After End</td></tr></table></div></text><url value="http://NCQA.org/fhir/example/CodeSystem/relationship-system"/><version value="1.0.0"/><name value="RelationshipSystem"/><title value="CodeSystem: Relationship"/><status value="active"/><date value="2023-09-06T13:30:20+00:00"/><publisher value="My Organization"/><contact><name value="My Organization"/><telecom><system value="url"/><value value="http://example.com/committees"/></telecom><telecom><system value="email"/><value value="my-group@example.com"/></telecom></contact><contact><name value="Bob Smith"/><telecom><system value="email"/><value value="bobsmith@example.com"/><use value="work"/></telecom></contact><jurisdiction><coding><system value="http://unstats.un.org/unsd/methods/m49/m49.htm"/><code value="001"/><display value="World"/></coding></jurisdiction><content value="complete"/><count value="9"/><concept><code value="before"/><display value="Before"/></concept><concept><code value="before-start"/><display value="Before Start"/></concept><concept><code value="before-end"/><display value="Before End"/></concept><concept><code value="concurrent"/><display value="Concurrent"/></concept><concept><code value="concurrent-with-start"/><display value="Concurrent With Start"/></concept><concept><code value="concurrent-with-end"/><display value="Concurrent With End"/></concept><concept><code value="after"/><display value="After"/></concept><concept><code value="after-start"/><display value="After Start"/></concept><concept><code value="after-end"/><display value="After End"/></concept></CodeSystem>