<?xml version="1.0" encoding="UTF-8"?><CodeSystem xmlns="http://hl7.org/fhir"><id value="severity-level-system"/><text><status value="generated"/><div xmlns="http://www.w3.org/1999/xhtml"><p>This  code system <code>http://NCQA.org/fhir/example/CodeSystem/severity-level-system</code> defines the following codes:</p><table class="codes"><tr><td style="white-space:nowrap"><b>Code</b></td><td><b>Display</b></td></tr><tr><td style="white-space:nowrap">1<a name="severity-level-system-1"> </a></td><td>1 - Low</td></tr><tr><td style="white-space:nowrap">2<a name="severity-level-system-2"> </a></td><td>2</td></tr><tr><td style="white-space:nowrap">3<a name="severity-level-system-3"> </a></td><td>3</td></tr><tr><td style="white-space:nowrap">4<a name="severity-level-system-4"> </a></td><td>4</td></tr><tr><td style="white-space:nowrap">5<a name="severity-level-system-5"> </a></td><td>5 - High</td></tr></table></div></text><url value="http://NCQA.org/fhir/example/CodeSystem/severity-level-system"/><version value="1.0.0"/><name value="SeverityLevelSystem"/><title value="CodeSystem: Severity Level"/><status value="active"/><date value="2023-09-06T13:30:20+00:00"/><publisher value="My Organization"/><contact><name value="My Organization"/><telecom><system value="url"/><value value="http://example.com/committees"/></telecom><telecom><system value="email"/><value value="my-group@example.com"/></telecom></contact><contact><name value="Bob Smith"/><telecom><system value="email"/><value value="bobsmith@example.com"/><use value="work"/></telecom></contact><jurisdiction><coding><system value="http://unstats.un.org/unsd/methods/m49/m49.htm"/><code value="001"/><display value="World"/></coding></jurisdiction><content value="complete"/><count value="5"/><concept><code value="1"/><display value="1 - Low"/></concept><concept><code value="2"/><display value="2"/></concept><concept><code value="3"/><display value="3"/></concept><concept><code value="4"/><display value="4"/></concept><concept><code value="5"/><display value="5 - High"/></concept></CodeSystem>