<?xml version="1.0" encoding="UTF-8"?><CodeSystem xmlns="http://hl7.org/fhir"><id value="subcategory-system"/><text><status value="generated"/><div xmlns="http://www.w3.org/1999/xhtml"><p>This  code system <code>http://NCQA.org/fhir/example/CodeSystem/subcategory-system</code> defines the following codes:</p><table class="codes"><tr><td style="white-space:nowrap"><b>Code</b></td><td><b>Display</b></td></tr><tr><td style="white-space:nowrap">value-conformance<a name="subcategory-system-value-conformance"> </a></td><td>Value Conformance</td></tr><tr><td style="white-space:nowrap">relational-conformance<a name="subcategory-system-relational-conformance"> </a></td><td>Relational Conformance</td></tr><tr><td style="white-space:nowrap">computational-conformance<a name="subcategory-system-computational-conformance"> </a></td><td>Computational Conformance</td></tr><tr><td style="white-space:nowrap">uniqueness-plausibility<a name="subcategory-system-uniqueness-plausibility"> </a></td><td>Uniqueness Plausibility</td></tr><tr><td style="white-space:nowrap">atemporal-plausibility<a name="subcategory-system-atemporal-plausibility"> </a></td><td>Atemporal Plausibility</td></tr><tr><td style="white-space:nowrap">temporal-plausibility<a name="subcategory-system-temporal-plausibility"> </a></td><td>Temporal Plausibility</td></tr></table></div></text><url value="http://NCQA.org/fhir/example/CodeSystem/subcategory-system"/><version value="1.0.0"/><name value="SubcategorySystem"/><title value="CodeSystem: Subcategory "/><status value="active"/><date value="2023-09-06T13:30:20+00:00"/><publisher value="My Organization"/><contact><name value="My Organization"/><telecom><system value="url"/><value value="http://example.com/committees"/></telecom><telecom><system value="email"/><value value="my-group@example.com"/></telecom></contact><contact><name value="Bob Smith"/><telecom><system value="email"/><value value="bobsmith@example.com"/><use value="work"/></telecom></contact><jurisdiction><coding><system value="http://unstats.un.org/unsd/methods/m49/m49.htm"/><code value="001"/><display value="World"/></coding></jurisdiction><content value="complete"/><count value="6"/><concept><code value="value-conformance"/><display value="Value Conformance"/></concept><concept><code value="relational-conformance"/><display value="Relational Conformance"/></concept><concept><code value="computational-conformance"/><display value="Computational Conformance"/></concept><concept><code value="uniqueness-plausibility"/><display value="Uniqueness Plausibility"/></concept><concept><code value="atemporal-plausibility"/><display value="Atemporal Plausibility"/></concept><concept><code value="temporal-plausibility"/><display value="Temporal Plausibility"/></concept></CodeSystem>