<?xml version="1.0" encoding="UTF-8"?><CodeSystem xmlns="http://hl7.org/fhir"><id value="context-system"/><text><status value="generated"/><div xmlns="http://www.w3.org/1999/xhtml"><p>This  code system <code>http://NCQA.org/fhir/example/CodeSystem/context-system</code> defines the following codes:</p><table class="codes"><tr><td style="white-space:nowrap"><b>Code</b></td><td><b>Display</b></td></tr><tr><td style="white-space:nowrap">verification<a name="context-system-verification"> </a></td><td>Verification</td></tr><tr><td style="white-space:nowrap">validation<a name="context-system-validation"> </a></td><td>Validation</td></tr></table></div></text><url value="http://NCQA.org/fhir/example/CodeSystem/context-system"/><version value="1.0.0"/><name value="ContextSystem"/><title value="CodeSystem: Context"/><status value="active"/><date value="2023-09-06T13:30:20+00:00"/><publisher value="My Organization"/><contact><name value="My Organization"/><telecom><system value="url"/><value value="http://example.com/committees"/></telecom><telecom><system value="email"/><value value="my-group@example.com"/></telecom></contact><contact><name value="Bob Smith"/><telecom><system value="email"/><value value="bobsmith@example.com"/><use value="work"/></telecom></contact><jurisdiction><coding><system value="http://unstats.un.org/unsd/methods/m49/m49.htm"/><code value="001"/><display value="World"/></coding></jurisdiction><content value="complete"/><count value="2"/><concept><code value="verification"/><display value="Verification"/></concept><concept><code value="validation"/><display value="Validation"/></concept></CodeSystem>