<?xml version="1.0" encoding="UTF-8"?><ValueSet xmlns="http://hl7.org/fhir"><id value="ruleLevel"/><text><status value="generated"/><div xmlns="http://www.w3.org/1999/xhtml"><ul><li>Include these codes as defined in <a href="CodeSystem-level-system.html"><code>http://NCQA.org/fhir/example/CodeSystem/level-system</code></a><table class="none"><tr><td style="white-space:nowrap"><b>Code</b></td><td><b>Display</b></td></tr><tr><td><a href="CodeSystem-level-system.html#level-system-concept">concept</a></td><td style="color: #cccccc">Concept</td></tr><tr><td><a href="CodeSystem-level-system.html#level-system-resource">resource</a></td><td style="color: #cccccc">Resource</td></tr><tr><td><a href="CodeSystem-level-system.html#level-system-field">field</a></td><td style="color: #cccccc">Field</td></tr></table></li></ul></div></text><url value="http://NCQA.org/fhir/example/ValueSet/ruleLevel"/><version value="1.0.0"/><name value="RuleLevel"/><title value=" ValueSet: Rule level"/><status value="draft"/><experimental value="false"/><date value="2023-09-06T13:30:20+00:00"/><publisher value="My Organization"/><contact><name value="My Organization"/><telecom><system value="url"/><value value="http://example.com/committees"/></telecom><telecom><system value="email"/><value value="my-group@example.com"/></telecom></contact><contact><name value="Bob Smith"/><telecom><system value="email"/><value value="bobsmith@example.com"/><use value="work"/></telecom></contact><jurisdiction><coding><system value="http://unstats.un.org/unsd/methods/m49/m49.htm"/><code value="001"/><display value="World"/></coding></jurisdiction><compose><include><system value="http://NCQA.org/fhir/example/CodeSystem/level-system"/><concept><code value="concept"/></concept><concept><code value="resource"/></concept><concept><code value="field"/></concept></include></compose></ValueSet>