<?xml version="1.0" encoding="UTF-8"?>

<CodeSystem xmlns="http://hl7.org/fhir">
  <id value="error-type-system"/>
  <text>
    <status value="generated"/><div xmlns="http://www.w3.org/1999/xhtml">Placeholder</div>
  </text>
  <url value="http://NCQA.org/fhir/example/CodeSystem/error-type-system"/>
  <version value="1.0.0"/>
  <name value="ErrorTypeSystem"/>
  <title value="CodeSystem: Error Type"/>
  <status value="active"/>
  <date value="2023-09-06T13:30:20+00:00"/>
  <publisher value="My Organization"/>
  <contact>
    <name value="My Organization"/>
    <telecom>
      <system value="url"/>
      <value value="http://example.com/committees"/>
    </telecom>
    <telecom>
      <system value="email"/>
      <value value="my-group@example.com"/>
    </telecom>
  </contact>
  <contact>
    <name value="Bob Smith"/>
    <telecom>
      <system value="email"/>
      <value value="bobsmith@example.com"/>
      <use value="work"/>
    </telecom>
  </contact>
  <jurisdiction>
    <coding>
      <system value="http://unstats.un.org/unsd/methods/m49/m49.htm"/>
      <code value="001"/>
      <display value="World"/>
    </coding>
  </jurisdiction>
  <content value="complete"/>
  <count value="3"/>
  <concept>
    <code value="failed"/>
    <display value="Failed"/>
  </concept>
  <concept>
    <code value="nullvalue"/>
    <display value="Null Value"/>
  </concept>
  <concept>
    <code value="outOfRange"/>
    <display value="Out of Range"/>
  </concept>
</CodeSystem>