{"resourceType":"CodeSystem","id":"error-type-system","text":{"status":"generated","div":"<div xmlns=\"http://www.w3.org/1999/xhtml\"><p>This  code system <code>http://NCQA.org/fhir/example/CodeSystem/error-type-system</code> defines the following codes:</p><table class=\"codes\"><tr><td style=\"white-space:nowrap\"><b>Code</b></td><td><b>Display</b></td></tr><tr><td style=\"white-space:nowrap\">failed<a name=\"error-type-system-failed\"> </a></td><td>Failed</td></tr><tr><td style=\"white-space:nowrap\">nullvalue<a name=\"error-type-system-nullvalue\"> </a></td><td>Null Value</td></tr><tr><td style=\"white-space:nowrap\">outOfRange<a name=\"error-type-system-outOfRange\"> </a></td><td>Out of Range</td></tr></table></div>"},"url":"http://NCQA.org/fhir/example/CodeSystem/error-type-system","version":"1.0.0","name":"ErrorTypeSystem","title":"CodeSystem: Error Type","status":"active","date":"2023-09-06T13:30:20+00:00","publisher":"My Organization","contact":[{"name":"My Organization","telecom":[{"system":"url","value":"http://example.com/committees"},{"system":"email","value":"my-group@example.com"}]},{"name":"Bob Smith","telecom":[{"system":"email","value":"bobsmith@example.com","use":"work"}]}],"jurisdiction":[{"coding":[{"system":"http://unstats.un.org/unsd/methods/m49/m49.htm","code":"001","display":"World"}]}],"content":"complete","count":3,"concept":[{"code":"failed","display":"Failed"},{"code":"nullvalue","display":"Null Value"},{"code":"outOfRange","display":"Out of Range"}]}