{"resourceType":"CodeSystem","id":"action-type-system","text":{"status":"generated","div":"<div xmlns=\"http://www.w3.org/1999/xhtml\"><p>This  code system <code>http://NCQA.org/fhir/example/CodeSystem/action-type-system</code> defines the following codes:</p><table class=\"codes\"><tr><td style=\"white-space:nowrap\"><b>Code</b></td><td><b>Display</b></td></tr><tr><td style=\"white-space:nowrap\">create<a name=\"action-type-system-create\"> </a></td><td>Create</td></tr><tr><td style=\"white-space:nowrap\">update<a name=\"action-type-system-update\"> </a></td><td>Update</td></tr><tr><td style=\"white-space:nowrap\">remove<a name=\"action-type-system-remove\"> </a></td><td>Remove</td></tr><tr><td style=\"white-space:nowrap\">fire-event<a name=\"action-type-system-fire-event\"> </a></td><td>Fire Event</td></tr></table></div>"},"url":"http://NCQA.org/fhir/example/CodeSystem/action-type-system","version":"1.0.0","name":"ActionTypeSystem","title":"CodeSystem: ActionType","status":"active","date":"2023-09-06T13:30:20+00:00","publisher":"My Organization","contact":[{"name":"My Organization","telecom":[{"system":"url","value":"http://example.com/committees"},{"system":"email","value":"my-group@example.com"}]},{"name":"Bob Smith","telecom":[{"system":"email","value":"bobsmith@example.com","use":"work"}]}],"jurisdiction":[{"coding":[{"system":"http://unstats.un.org/unsd/methods/m49/m49.htm","code":"001","display":"World"}]}],"content":"complete","count":4,"concept":[{"code":"create","display":"Create"},{"code":"update","display":"Update"},{"code":"remove","display":"Remove"},{"code":"fire-event","display":"Fire Event"}]}