{"resourceType":"CodeSystem","id":"level-system","text":{"status":"generated","div":"<div xmlns=\"http://www.w3.org/1999/xhtml\"><p>This  code system <code>http://NCQA.org/fhir/example/CodeSystem/level-system</code> defines the following codes:</p><table class=\"codes\"><tr><td style=\"white-space:nowrap\"><b>Code</b></td><td><b>Display</b></td></tr><tr><td style=\"white-space:nowrap\">concept<a name=\"level-system-concept\"> </a></td><td>Concept</td></tr><tr><td style=\"white-space:nowrap\">resource<a name=\"level-system-resource\"> </a></td><td>Resource</td></tr><tr><td style=\"white-space:nowrap\">field<a name=\"level-system-field\"> </a></td><td>Field</td></tr></table></div>"},"url":"http://NCQA.org/fhir/example/CodeSystem/level-system","version":"1.0.0","name":"LevelSystem","title":"CodeSystem: Level","status":"active","date":"2023-09-06T13:30:20+00:00","publisher":"My Organization","contact":[{"name":"My Organization","telecom":[{"system":"url","value":"http://example.com/committees"},{"system":"email","value":"my-group@example.com"}]},{"name":"Bob Smith","telecom":[{"system":"email","value":"bobsmith@example.com","use":"work"}]}],"jurisdiction":[{"coding":[{"system":"http://unstats.un.org/unsd/methods/m49/m49.htm","code":"001","display":"World"}]}],"content":"complete","count":3,"concept":[{"code":"concept","display":"Concept"},{"code":"resource","display":"Resource"},{"code":"field","display":"Field"}]}