{"resourceType":"CodeSystem","id":"category-system","text":{"status":"generated","div":"<div xmlns=\"http://www.w3.org/1999/xhtml\"><p>This  code system <code>http://NCQA.org/fhir/example/CodeSystem/category-system</code> defines the following codes:</p><table class=\"codes\"><tr><td style=\"white-space:nowrap\"><b>Code</b></td><td><b>Display</b></td></tr><tr><td style=\"white-space:nowrap\">conformance<a name=\"category-system-conformance\"> </a></td><td>Conformance</td></tr><tr><td style=\"white-space:nowrap\">completeness<a name=\"category-system-completeness\"> </a></td><td>Completeness</td></tr><tr><td style=\"white-space:nowrap\">plausibility<a name=\"category-system-plausibility\"> </a></td><td>Plausibility</td></tr></table></div>"},"url":"http://NCQA.org/fhir/example/CodeSystem/category-system","version":"1.0.0","name":"CategorySystem","title":"CodeSystem: Category","status":"active","date":"2023-09-06T13:30:20+00:00","publisher":"My Organization","contact":[{"name":"My Organization","telecom":[{"system":"url","value":"http://example.com/committees"},{"system":"email","value":"my-group@example.com"}]},{"name":"Bob Smith","telecom":[{"system":"email","value":"bobsmith@example.com","use":"work"}]}],"jurisdiction":[{"coding":[{"system":"http://unstats.un.org/unsd/methods/m49/m49.htm","code":"001","display":"World"}]}],"content":"complete","count":3,"concept":[{"code":"conformance","display":"Conformance"},{"code":"completeness","display":"Completeness"},{"code":"plausibility","display":"Plausibility"}]}