{"resourceType":"ValueSet","id":"ruleContext","text":{"status":"generated","div":"<div xmlns=\"http://www.w3.org/1999/xhtml\"><ul><li>Include these codes as defined in <a href=\"CodeSystem-context-system.html\"><code>http://NCQA.org/fhir/example/CodeSystem/context-system</code></a><table class=\"none\"><tr><td style=\"white-space:nowrap\"><b>Code</b></td><td><b>Display</b></td></tr><tr><td><a href=\"CodeSystem-context-system.html#context-system-verification\">verification</a></td><td style=\"color: #cccccc\">Verification</td></tr><tr><td><a href=\"CodeSystem-context-system.html#context-system-validation\">validation</a></td><td style=\"color: #cccccc\">Validation</td></tr></table></li></ul></div>"},"url":"http://NCQA.org/fhir/example/ValueSet/ruleContext","version":"1.0.0","name":"RuleContext","title":" ValueSet: Rule context","status":"draft","experimental":false,"date":"2023-09-06T13:30:20+00:00","publisher":"My Organization","contact":[{"name":"My Organization","telecom":[{"system":"url","value":"http://example.com/committees"},{"system":"email","value":"my-group@example.com"}]},{"name":"Bob Smith","telecom":[{"system":"email","value":"bobsmith@example.com","use":"work"}]}],"jurisdiction":[{"coding":[{"system":"http://unstats.un.org/unsd/methods/m49/m49.htm","code":"001","display":"World"}]}],"compose":{"include":[{"system":"http://NCQA.org/fhir/example/CodeSystem/context-system","concept":[{"code":"verification"},{"code":"validation"}]}]}}