{"resourceType":"ValueSet","id":"ruleSeverity","text":{"status":"generated","div":"<div xmlns=\"http://www.w3.org/1999/xhtml\"><ul><li>Include these codes as defined in <a href=\"CodeSystem-severity-level-system.html\"><code>http://NCQA.org/fhir/example/CodeSystem/severity-level-system</code></a><table class=\"none\"><tr><td style=\"white-space:nowrap\"><b>Code</b></td><td><b>Display</b></td></tr><tr><td><a href=\"CodeSystem-severity-level-system.html#severity-level-system-1\">1</a></td><td style=\"color: #cccccc\">1 - Low</td></tr><tr><td><a href=\"CodeSystem-severity-level-system.html#severity-level-system-2\">2</a></td><td style=\"color: #cccccc\">2</td></tr><tr><td><a href=\"CodeSystem-severity-level-system.html#severity-level-system-3\">3</a></td><td style=\"color: #cccccc\">3</td></tr><tr><td><a href=\"CodeSystem-severity-level-system.html#severity-level-system-4\">4</a></td><td style=\"color: #cccccc\">4</td></tr><tr><td><a href=\"CodeSystem-severity-level-system.html#severity-level-system-5\">5</a></td><td style=\"color: #cccccc\">5 - High</td></tr></table></li></ul></div>"},"url":"http://NCQA.org/fhir/example/ValueSet/ruleSeverity","version":"1.0.0","name":"RuleSeverity","title":" ValueSet: Rule Severity","status":"draft","experimental":false,"date":"2023-09-06T13:30:20+00:00","publisher":"My Organization","contact":[{"name":"My Organization","telecom":[{"system":"url","value":"http://example.com/committees"},{"system":"email","value":"my-group@example.com"}]},{"name":"Bob Smith","telecom":[{"system":"email","value":"bobsmith@example.com","use":"work"}]}],"jurisdiction":[{"coding":[{"system":"http://unstats.un.org/unsd/methods/m49/m49.htm","code":"001","display":"World"}]}],"compose":{"include":[{"system":"http://NCQA.org/fhir/example/CodeSystem/severity-level-system","concept":[{"code":"1"},{"code":"2"},{"code":"3"},{"code":"4"},{"code":"5"}]}]}}