{"resourceType":"ValueSet","id":"ruleActionRelationship","text":{"status":"generated","div":"<div xmlns=\"http://www.w3.org/1999/xhtml\"><ul><li>Include these codes as defined in <a href=\"CodeSystem-relationship-system.html\"><code>http://NCQA.org/fhir/example/CodeSystem/relationship-system</code></a><table class=\"none\"><tr><td style=\"white-space:nowrap\"><b>Code</b></td><td><b>Display</b></td></tr><tr><td><a href=\"CodeSystem-relationship-system.html#relationship-system-before\">before</a></td><td style=\"color: #cccccc\">Before</td></tr><tr><td><a href=\"CodeSystem-relationship-system.html#relationship-system-before-start\">before-start</a></td><td>Before Start</td></tr><tr><td><a href=\"CodeSystem-relationship-system.html#relationship-system-before-end\">before-end</a></td><td>Before End</td></tr><tr><td><a href=\"CodeSystem-relationship-system.html#relationship-system-concurrent\">concurrent</a></td><td>Concurrent</td></tr><tr><td><a href=\"CodeSystem-relationship-system.html#relationship-system-concurrent-with-start\">concurrent-with-start</a></td><td style=\"color: #cccccc\">Concurrent With Start</td></tr><tr><td><a href=\"CodeSystem-relationship-system.html#relationship-system-concurrent-with-end\">concurrent-with-end</a></td><td style=\"color: #cccccc\">Concurrent With End</td></tr><tr><td><a href=\"CodeSystem-relationship-system.html#relationship-system-after\">after</a></td><td style=\"color: #cccccc\">After</td></tr><tr><td><a href=\"CodeSystem-relationship-system.html#relationship-system-after-start\">after-start</a></td><td style=\"color: #cccccc\">After Start</td></tr><tr><td><a href=\"CodeSystem-relationship-system.html#relationship-system-after-end\">after-end</a></td><td style=\"color: #cccccc\">After End</td></tr></table></li></ul></div>"},"url":"http://NCQA.org/fhir/example/ValueSet/ruleActionRelationship","version":"1.0.0","name":"RuleActionRelationship","title":" ValueSet: Rule Action Relationship","status":"draft","experimental":false,"date":"2023-09-06T13:30:20+00:00","publisher":"My Organization","contact":[{"name":"My Organization","telecom":[{"system":"url","value":"http://example.com/committees"},{"system":"email","value":"my-group@example.com"}]},{"name":"Bob Smith","telecom":[{"system":"email","value":"bobsmith@example.com","use":"work"}]}],"jurisdiction":[{"coding":[{"system":"http://unstats.un.org/unsd/methods/m49/m49.htm","code":"001","display":"World"}]}],"compose":{"include":[{"system":"http://NCQA.org/fhir/example/CodeSystem/relationship-system","concept":[{"code":"before"},{"code":"before-start","display":"Before Start"},{"code":"before-end","display":"Before End"},{"code":"concurrent","display":"Concurrent"},{"code":"concurrent-with-start"},{"code":"concurrent-with-end"},{"code":"after"},{"code":"after-start"},{"code":"after-end"}]}]}}