{"resourceType":"ValueSet","id":"ruleErrorType","text":{"status":"generated","div":"<div xmlns=\"http://www.w3.org/1999/xhtml\"><ul><li>Include these codes as defined in <a href=\"CodeSystem-error-type-system.html\"><code>http://NCQA.org/fhir/example/CodeSystem/error-type-system</code></a><table class=\"none\"><tr><td style=\"white-space:nowrap\"><b>Code</b></td><td><b>Display</b></td></tr><tr><td><a href=\"CodeSystem-error-type-system.html#error-type-system-failed\">failed</a></td><td style=\"color: #cccccc\">Failed</td></tr><tr><td><a href=\"CodeSystem-error-type-system.html#error-type-system-nullvalue\">nullvalue</a></td><td style=\"color: #cccccc\">Null Value</td></tr><tr><td><a href=\"CodeSystem-error-type-system.html#error-type-system-outOfRange\">outOfRange</a></td><td style=\"color: #cccccc\">Out of Range</td></tr></table></li></ul></div>"},"url":"http://NCQA.org/fhir/example/ValueSet/ruleErrorType","version":"1.0.0","name":"RuleErrorType","title":" ValueSet: Rule Error Type","status":"draft","experimental":false,"date":"2023-09-06T13:30:20+00:00","publisher":"My Organization","contact":[{"name":"My Organization","telecom":[{"system":"url","value":"http://example.com/committees"},{"system":"email","value":"my-group@example.com"}]},{"name":"Bob Smith","telecom":[{"system":"email","value":"bobsmith@example.com","use":"work"}]}],"jurisdiction":[{"coding":[{"system":"http://unstats.un.org/unsd/methods/m49/m49.htm","code":"001","display":"World"}]}],"compose":{"include":[{"system":"http://NCQA.org/fhir/example/CodeSystem/error-type-system","concept":[{"code":"failed"},{"code":"nullvalue"},{"code":"outOfRange"}]}]}}