{"resourceType":"ValueSet","id":"ruleLevel","text":{"status":"generated","div":"<div xmlns=\"http://www.w3.org/1999/xhtml\"><ul><li>Include these codes as defined in <a href=\"CodeSystem-level-system.html\"><code>http://NCQA.org/fhir/example/CodeSystem/level-system</code></a><table class=\"none\"><tr><td style=\"white-space:nowrap\"><b>Code</b></td><td><b>Display</b></td></tr><tr><td><a href=\"CodeSystem-level-system.html#level-system-concept\">concept</a></td><td style=\"color: #cccccc\">Concept</td></tr><tr><td><a href=\"CodeSystem-level-system.html#level-system-resource\">resource</a></td><td style=\"color: #cccccc\">Resource</td></tr><tr><td><a href=\"CodeSystem-level-system.html#level-system-field\">field</a></td><td style=\"color: #cccccc\">Field</td></tr></table></li></ul></div>"},"url":"http://NCQA.org/fhir/example/ValueSet/ruleLevel","version":"1.0.0","name":"RuleLevel","title":" ValueSet: Rule level","status":"draft","experimental":false,"date":"2023-09-06T13:30:20+00:00","publisher":"My Organization","contact":[{"name":"My Organization","telecom":[{"system":"url","value":"http://example.com/committees"},{"system":"email","value":"my-group@example.com"}]},{"name":"Bob Smith","telecom":[{"system":"email","value":"bobsmith@example.com","use":"work"}]}],"jurisdiction":[{"coding":[{"system":"http://unstats.un.org/unsd/methods/m49/m49.htm","code":"001","display":"World"}]}],"compose":{"include":[{"system":"http://NCQA.org/fhir/example/CodeSystem/level-system","concept":[{"code":"concept"},{"code":"resource"},{"code":"field"}]}]}}