{"resourceType":"ValueSet","id":"actionType","text":{"status":"generated","div":"<div xmlns=\"http://www.w3.org/1999/xhtml\"><ul><li>Include these codes as defined in <a href=\"CodeSystem-action-type-system.html\"><code>http://NCQA.org/fhir/example/CodeSystem/action-type-system</code></a><table class=\"none\"><tr><td style=\"white-space:nowrap\"><b>Code</b></td><td><b>Display</b></td></tr><tr><td><a href=\"CodeSystem-action-type-system.html#action-type-system-create\">create</a></td><td style=\"color: #cccccc\">Create</td></tr><tr><td><a href=\"CodeSystem-action-type-system.html#action-type-system-update\">update</a></td><td style=\"color: #cccccc\">Update</td></tr><tr><td><a href=\"CodeSystem-action-type-system.html#action-type-system-remove\">remove</a></td><td style=\"color: #cccccc\">Remove</td></tr><tr><td><a href=\"CodeSystem-action-type-system.html#action-type-system-fire-event\">fire-event</a></td><td style=\"color: #cccccc\">Fire Event</td></tr></table></li></ul></div>"},"url":"http://NCQA.org/fhir/example/ValueSet/actionType","version":"1.0.0","name":"ActionType","title":" ValueSet: Rules Action Type","status":"draft","experimental":false,"date":"2023-09-06T13:30:20+00:00","publisher":"My Organization","contact":[{"name":"My Organization","telecom":[{"system":"url","value":"http://example.com/committees"},{"system":"email","value":"my-group@example.com"}]},{"name":"Bob Smith","telecom":[{"system":"email","value":"bobsmith@example.com","use":"work"}]}],"jurisdiction":[{"coding":[{"system":"http://unstats.un.org/unsd/methods/m49/m49.htm","code":"001","display":"World"}]}],"compose":{"include":[{"system":"http://NCQA.org/fhir/example/CodeSystem/action-type-system","concept":[{"code":"create"},{"code":"update"},{"code":"remove"},{"code":"fire-event"}]}]}}