<?xml version="1.0" encoding="UTF-8"?>

<ValueSet xmlns="http://hl7.org/fhir">
  <id value="ruleSeverity"/>
  <text>
    <status value="generated"/><div xmlns="http://www.w3.org/1999/xhtml">Placeholder</div>
  </text>
  <url value="http://NCQA.org/fhir/example/ValueSet/ruleSeverity"/>
  <version value="1.0.0"/>
  <name value="RuleSeverity"/>
  <title value=" ValueSet: Rule Severity"/>
  <status value="draft"/>
  <experimental value="false"/>
  <date value="2023-09-06T13:30:20+00:00"/>
  <publisher value="My Organization"/>
  <contact>
    <name value="My Organization"/>
    <telecom>
      <system value="url"/>
      <value value="http://example.com/committees"/>
    </telecom>
    <telecom>
      <system value="email"/>
      <value value="my-group@example.com"/>
    </telecom>
  </contact>
  <contact>
    <name value="Bob Smith"/>
    <telecom>
      <system value="email"/>
      <value value="bobsmith@example.com"/>
      <use value="work"/>
    </telecom>
  </contact>
  <jurisdiction>
    <coding>
      <system value="http://unstats.un.org/unsd/methods/m49/m49.htm"/>
      <code value="001"/>
      <display value="World"/>
    </coding>
  </jurisdiction>
  <compose>
    <include>
      <system value="http://NCQA.org/fhir/example/CodeSystem/severity-level-system"/>
      <concept>
        <code value="1"/>
      </concept>
      <concept>
        <code value="2"/>
      </concept>
      <concept>
        <code value="3"/>
      </concept>
      <concept>
        <code value="4"/>
      </concept>
      <concept>
        <code value="5"/>
      </concept>
    </include>
  </compose>
</ValueSet>