{
  "resourceType" : "CodeSystem",
  "id" : "action-type-system",
  "text" : {
    "status" : "generated",
    "div" : "<div xmlns=\"http://www.w3.org/1999/xhtml\">Placeholder</div>"
  },
  "url" : "http://NCQA.org/fhir/example/CodeSystem/action-type-system",
  "version" : "1.0.0",
  "name" : "ActionTypeSystem",
  "title" : "CodeSystem: ActionType",
  "status" : "active",
  "date" : "2023-09-06T13:30:20+00:00",
  "publisher" : "My Organization",
  "contact" : [{
    "name" : "My Organization",
    "telecom" : [{
      "system" : "url",
      "value" : "http://example.com/committees"
    },
    {
      "system" : "email",
      "value" : "my-group@example.com"
    }]
  },
  {
    "name" : "Bob Smith",
    "telecom" : [{
      "system" : "email",
      "value" : "bobsmith@example.com",
      "use" : "work"
    }]
  }],
  "jurisdiction" : [{
    "coding" : [{
      "system" : "http://unstats.un.org/unsd/methods/m49/m49.htm",
      "code" : "001",
      "display" : "World"
    }]
  }],
  "content" : "complete",
  "count" : 4,
  "concept" : [{
    "code" : "create",
    "display" : "Create"
  },
  {
    "code" : "update",
    "display" : "Update"
  },
  {
    "code" : "remove",
    "display" : "Remove"
  },
  {
    "code" : "fire-event",
    "display" : "Fire Event"
  }]
}