{
  "resourceType" : "CodeSystem",
  "id" : "subcategory-system",
  "text" : {
    "status" : "generated",
    "div" : "<div xmlns=\"http://www.w3.org/1999/xhtml\">Placeholder</div>"
  },
  "url" : "http://NCQA.org/fhir/example/CodeSystem/subcategory-system",
  "version" : "1.0.0",
  "name" : "SubcategorySystem",
  "title" : "CodeSystem: Subcategory ",
  "status" : "active",
  "date" : "2023-09-06T13:30:20+00:00",
  "publisher" : "My Organization",
  "contact" : [{
    "name" : "My Organization",
    "telecom" : [{
      "system" : "url",
      "value" : "http://example.com/committees"
    },
    {
      "system" : "email",
      "value" : "my-group@example.com"
    }]
  },
  {
    "name" : "Bob Smith",
    "telecom" : [{
      "system" : "email",
      "value" : "bobsmith@example.com",
      "use" : "work"
    }]
  }],
  "jurisdiction" : [{
    "coding" : [{
      "system" : "http://unstats.un.org/unsd/methods/m49/m49.htm",
      "code" : "001",
      "display" : "World"
    }]
  }],
  "content" : "complete",
  "count" : 6,
  "concept" : [{
    "code" : "value-conformance",
    "display" : "Value Conformance"
  },
  {
    "code" : "relational-conformance",
    "display" : "Relational Conformance"
  },
  {
    "code" : "computational-conformance",
    "display" : "Computational Conformance"
  },
  {
    "code" : "uniqueness-plausibility",
    "display" : "Uniqueness Plausibility"
  },
  {
    "code" : "atemporal-plausibility",
    "display" : "Atemporal Plausibility"
  },
  {
    "code" : "temporal-plausibility",
    "display" : "Temporal Plausibility"
  }]
}